name, post_url, media_url, stars
youtube, http://img.hb.aicdn.com/16f2c67845112cebdaac62fafeaa32336a35b62530d2c-0CrTQi_fw658 ,https://www.youtube.com/watch?v=psVt9borTRU, 100
youtube, http://img.hb.aicdn.com/16f2c67845112cebdaac62fafeaa32336a35b62530d2c-0CrTQi_fw658 ,https://www.youtube.com/watch?v=psVt9borTRU, 100
youtube, http://img.hb.aicdn.com/16f2c67845112cebdaac62fafeaa32336a35b62530d2c-0CrTQi_fw658 ,https://www.youtube.com/watch?v=psVt9borTRU, 100
youtube, http://img.hb.aicdn.com/16f2c67845112cebdaac62fafeaa32336a35b62530d2c-0CrTQi_fw658 ,https://www.youtube.com/watch?v=psVt9borTRU, 100
youtube, http://img.hb.aicdn.com/16f2c67845112cebdaac62fafeaa32336a35b62530d2c-0CrTQi_fw658 ,https://www.youtube.com/watch?v=psVt9borTRU, 100
youtube, http://img.hb.aicdn.com/16f2c67845112cebdaac62fafeaa32336a35b62530d2c-0CrTQi_fw658 ,https://www.youtube.com/watch?v=psVt9borTRU, 100
优酷, http://img.hb.aicdn.com/bbc8e0f546283dd9bcff442609849009f12d3f23111d82-ONSVtf_fw658 ,http://v.youku.com/v_show/id_XMzMyNTIzMjU4OA==.html?spm=a2hww.20027244.m_250379.5~1~3~A, 50
优酷, http://img.hb.aicdn.com/bbc8e0f546283dd9bcff442609849009f12d3f23111d82-ONSVtf_fw658 ,http://v.youku.com/v_show/id_XMzMyNTIzMjU4OA==.html?spm=a2hww.20027244.m_250379.5~1~3~A, 50
优酷, http://img.hb.aicdn.com/bbc8e0f546283dd9bcff442609849009f12d3f23111d82-ONSVtf_fw658 ,http://v.youku.com/v_show/id_XMzMyNTIzMjU4OA==.html?spm=a2hww.20027244.m_250379.5~1~3~A, 50
优酷, http://img.hb.aicdn.com/bbc8e0f546283dd9bcff442609849009f12d3f23111d82-ONSVtf_fw658 ,http://v.youku.com/v_show/id_XMzMyNTIzMjU4OA==.html?spm=a2hww.20027244.m_250379.5~1~3~A, 50
优酷, http://img.hb.aicdn.com/bbc8e0f546283dd9bcff442609849009f12d3f23111d82-ONSVtf_fw658 ,http://v.youku.com/v_show/id_XMzMyNTIzMjU4OA==.html?spm=a2hww.20027244.m_250379.5~1~3~A, 50